3.468418121337890625e-02,-1.811944872299456680e-02,2.904776334762573242e+00,1.563347578048706055e+00,4.483543634414672852e+00
7.225847244262695312e-02,-1.598774887323049787e-02,2.918320298194885254e+00,1.568325757980346680e+00,4.479668736457824707e+00
1.094286441802978516e-01,-2.051761105397914217e-02,2.923421859741210938e+00,1.563825607299804688e+00,4.471496343612670898e+00
1.466248035430908203e-01,-1.931852988848685448e-02,2.930660247802734375e+00,1.563270092010498047e+00,4.476134777069091797e+00
1.838345527648925781e-01,-1.931852988848685448e-02,2.921019196510314941e+00,1.551219820976257324e+00,4.486784934997558594e+00
2.209982872009277344e-01,-2.038437981336888721e-02,2.906060218811035156e+00,1.562717556953430176e+00,4.493681788444519043e+00
2.578132152557373047e-01,-1.878560492604583465e-02,2.912502884864807129e+00,1.576753258705139160e+00,4.482623934745788574e+00
2.945966720581054688e-01,-1.811944872299456680e-02,2.938086390495300293e+00,1.569851636886596680e+00,4.478611946105957031e+00
3.313937187194824219e-01,-1.758652376055354696e-02,2.939524650573730469e+00,1.567232608795166016e+00,4.487566947937011719e+00
3.681185245513916016e-01,-2.091730477580990705e-02,2.920403480529785156e+00,1.566175818443298340e+00,4.493782520294189453e+00
4.048495292663574219e-01,-1.785298624177405688e-02,2.906057834625244141e+00,1.575495004653930664e+00,4.495130777359008789e+00
4.416460990905761719e-01,-1.958499236970736093e-02,2.916978001594543457e+00,1.576588153839111328e+00,4.501053690910339355e+00
4.796600341796875000e-01,-2.065084229458939713e-02,2.934170365333557129e+00,1.574665904045104980e+00,4.489281177520751953e+00
5.195822715759277344e-01,-1.678713631689202415e-02,2.934476733207702637e+00,1.576923131942749023e+00,4.483981728553771973e+00
5.595030784606933594e-01,-1.958499236970736093e-02,2.943469882011413574e+00,1.572479009628295898e+00,4.479379057884216309e+00
5.998198986053466797e-01,-1.918529864787659953e-02,2.958342432975769043e+00,1.571801304817199707e+00,4.486224651336669922e+00
6.392633914947509766e-01,-1.811944872299456680e-02,2.949272990226745605e+00,1.572229862213134766e+00,4.501546025276184082e+00
6.784005165100097656e-01,-1.878560492604583465e-02,2.932829260826110840e+00,1.580155491828918457e+00,4.502894878387451172e+00
7.175221443176269531e-01,-1.918529864787659953e-02,2.924109101295471191e+00,1.577221155166625977e+00,4.504026174545288086e+00
7.566235065460205078e-01,-1.918529864787659953e-02,2.936288118362426758e+00,1.568514108657836914e+00,4.506151080131530762e+00
7.957491874694824219e-01,-1.971822361031761936e-02,2.919688820838928223e+00,1.574387550354003906e+00,4.507620930671691895e+00
8.350195884704589844e-01,-1.838591120421507324e-02,2.928326129913330078e+00,1.579651236534118652e+00,4.513348937034606934e+00
8.742129802703857422e-01,-2.038437981336888721e-02,2.924174666404724121e+00,1.588728427886962891e+00,4.516001939773559570e+00
9.134306907653808594e-01,-2.118376725703041003e-02,2.930896878242492676e+00,1.595880389213562012e+00,4.507139325141906738e+00
9.525327682495117188e-01,-2.184992346008168482e-02,2.936241030693054199e+00,1.588470339775085449e+00,4.512599706649780273e+00
9.916400909423828125e-01,-1.598774887323049787e-02,2.937901616096496582e+00,1.584591865539550781e+00,4.506196379661560059e+00
1.030750274658203125e+00,-1.865237368543558316e-02,2.949697375297546387e+00,1.587883234024047852e+00,4.503365755081176758e+00
1.069941520690917969e+00,-1.985145485092787085e-02,2.946657538414001465e+00,1.591553688049316406e+00,4.506798386573791504e+00
1.109064579010009766e+00,-2.025114857275863225e-02,2.943728566169738770e+00,1.586463451385498047e+00,4.509348273277282715e+00
1.148159503936767578e+00,-2.078407353519964862e-02,2.927219271659851074e+00,1.599968671798706055e+00,4.505688548088073730e+00
1.187282800674438477e+00,-2.078407353519964862e-02,2.908818125724792480e+00,1.604022979736328125e+00,4.499205946922302246e+00
1.226447343826293945e+00,-1.798621748238431184e-02,2.882902622222900391e+00,1.602593064308166504e+00,4.489420652389526367e+00
1.265557765960693359e+00,-2.198315470069193631e-02,2.854378819465637207e+00,1.613797545433044434e+00,4.480419158935546875e+00
1.304707288742065430e+00,-1.905206740726634457e-02,2.847033143043518066e+00,1.627786755561828613e+00,4.475596547126770020e+00
1.343823909759521484e+00,-2.091730477580990705e-02,2.832198739051818848e+00,1.645478010177612305e+00,4.468386173248291016e+00
1.383044481277465820e+00,-1.971822361031761936e-02,2.831122875213623047e+00,1.651011705398559570e+00,4.461646080017089844e+00
1.422189474105834961e+00,-1.985145485092787085e-02,2.849738001823425293e+00,1.644469499588012695e+00,4.474757909774780273e+00
1.461292028427124023e+00,-1.865237368543558316e-02,2.844156026840209961e+00,1.642750501632690430e+00,4.473224282264709473e+00
1.500585079193115234e+00,-2.011791733214838077e-02,2.861009240150451660e+00,1.633485555648803711e+00,4.477966427803039551e+00
1.539696455001831055e+00,-1.878560492604583465e-02,2.865522503852844238e+00,1.629057526588439941e+00,4.491032958030700684e+00
1.578832626342773438e+00,-2.211638594130218780e-02,2.890829443931579590e+00,1.629614830017089844e+00,4.489786028861999512e+00
1.617982625961303711e+00,-1.958499236970736093e-02,2.911939620971679688e+00,1.616294980049133301e+00,4.512851834297180176e+00
1.657138109207153320e+00,-2.038437981336888721e-02,2.902680635452270508e+00,1.617139577865600586e+00,4.518546462059020996e+00
1.696231603622436523e+00,-1.905206740726634457e-02,2.905060648918151855e+00,1.620165705680847168e+00,4.510303735733032227e+00
1.735424041748046875e+00,-1.851914244482533167e-02,2.912691831588745117e+00,1.606213450431823730e+00,4.529735445976257324e+00
1.774559974670410156e+00,-1.785298624177405688e-02,2.901017665863037109e+00,1.614536046981811523e+00,4.533319473266601562e+00
1.813691854476928711e+00,-1.905206740726634457e-02,2.890878319740295410e+00,1.619282364845275879e+00,4.535939693450927734e+00
1.852789402008056641e+00,-2.118376725703041003e-02,2.933936119079589844e+00,1.619488000869750977e+00,4.543412923812866211e+00
1.891999721527099609e+00,-2.078407353519964862e-02,2.929553389549255371e+00,1.620211601257324219e+00,4.538013935089111328e+00
1.931155204772949219e+00,-1.825267996360482176e-02,2.950634360313415527e+00,1.615439653396606445e+00,4.546838998794555664e+00
1.970306873321533203e+00,-1.891883616665609308e-02,2.945487499237060547e+00,1.612868905067443848e+00,4.551126360893249512e+00
2.009501934051513672e+00,-2.011791733214838077e-02,2.942289113998413086e+00,1.617776751518249512e+00,4.540656805038452148e+00
2.048592090606689453e+00,-2.091730477580990705e-02,2.967736124992370605e+00,1.612707972526550293e+00,4.548401832580566406e+00
2.087723016738891602e+00,-2.051761105397914217e-02,2.958952784538269043e+00,1.615859270095825195e+00,4.554850459098815918e+00
2.126845121383666992e+00,-1.985145485092787085e-02,2.947031855583190918e+00,1.615621447563171387e+00,4.555676579475402832e+00
2.166028499603271484e+00,-2.131699849764066845e-02,2.946681380271911621e+00,1.617214083671569824e+00,4.560191631317138672e+00
2.205207586288452148e+00,-2.318223586618422399e-02,2.934111356735229492e+00,1.620310544967651367e+00,4.565537571907043457e+00
2.244364976882934570e+00,-1.878560492604583465e-02,2.914062142372131348e+00,1.631898880004882812e+00,4.561462998390197754e+00
2.283564329147338867e+00,-2.065084229458939713e-02,2.940914034843444824e+00,1.631453037261962891e+00,4.566255807876586914e+00
2.322682142257690430e+00,-1.851914244482533167e-02,2.935064435005187988e+00,1.639084219932556152e+00,4.564294219017028809e+00
2.361742258071899414e+00,-2.038437981336888721e-02,2.943546772003173828e+00,1.636467576026916504e+00,4.558156132698059082e+00
2.400898456573486328e+00,-2.105053601642015854e-02,2.943269014358520508e+00,1.631901264190673828e+00,4.563910961151123047e+00
2.439988136291503906e+00,-2.011791733214838077e-02,2.929301857948303223e+00,1.643730998039245605e+00,4.551696777343750000e+00
2.480688810348510742e+00,-1.945176112909710944e-02,2.937173247337341309e+00,1.647452116012573242e+00,4.551085829734802246e+00
2.519866228103637695e+00,-1.878560492604583465e-02,2.939044237136840820e+00,1.648588776588439941e+00,4.554978609085083008e+00
2.559019565582275391e+00,-1.918529864787659953e-02,2.927461862564086914e+00,1.651712059974670410e+00,4.555072188377380371e+00
2.598155260086059570e+00,-1.905206740726634457e-02,2.925572991371154785e+00,1.653880476951599121e+00,4.558257460594177246e+00
2.637246608734130859e+00,-2.025114857275863225e-02,2.915673851966857910e+00,1.651354432106018066e+00,4.562821388244628906e+00
2.676317214965820312e+00,-2.038437981336888721e-02,2.896283864974975586e+00,1.655873656272888184e+00,4.561864733695983887e+00
2.715478420257568359e+00,-2.105053601642015854e-02,2.889972329139709473e+00,1.662336587905883789e+00,4.567744731903076172e+00
2.754559755325317383e+00,-2.278254214435346259e-02,2.882371544837951660e+00,1.672574281692504883e+00,4.565740227699279785e+00
2.793630361557006836e+00,-2.318223586618422399e-02,2.898728847503662109e+00,1.678596138954162598e+00,4.561120867729187012e+00
2.832817792892456055e+00,-1.945176112909710944e-02,2.905896306037902832e+00,1.680523753166198730e+00,4.563266634941101074e+00
2.871962785720825195e+00,-1.998468609153812234e-02,2.890576124191284180e+00,1.683210134506225586e+00,4.549837112426757812e+00
2.911083221435546875e+00,-1.985145485092787085e-02,2.898617982864379883e+00,1.679106354713439941e+00,4.554238319396972656e+00
2.950206756591796875e+00,-1.905206740726634457e-02,2.887607216835021973e+00,1.692350506782531738e+00,4.547315239906311035e+00
2.989275932312011719e+00,-1.931852988848685448e-02,2.890470027923583984e+00,1.695109009742736816e+00,4.550180435180664062e+00
3.028371095657348633e+00,-1.918529864787659953e-02,2.852256298065185547e+00,1.693534851074218750e+00,4.559162259101867676e+00
3.067515134811401367e+00,-1.891883616665609308e-02,2.865081429481506348e+00,1.695941686630249023e+00,4.562314152717590332e+00
3.106651067733764648e+00,-1.918529864787659953e-02,2.847716808319091797e+00,1.699861884117126465e+00,4.559144973754882812e+00
3.145748615264892578e+00,-1.971822361031761936e-02,2.853332757949829102e+00,1.699625849723815918e+00,4.562141299247741699e+00
3.185002565383911133e+00,-2.091730477580990705e-02,2.833330631256103516e+00,1.708139777183532715e+00,4.557939767837524414e+00
3.224150419235229492e+00,-2.025114857275863225e-02,2.834458947181701660e+00,1.719800829887390137e+00,4.553070664405822754e+00
3.263238668441772461e+00,-1.891883616665609308e-02,2.848210334777832031e+00,1.727951169013977051e+00,4.552565217018127441e+00
3.302366733551025391e+00,-2.118376725703041003e-02,2.831245660781860352e+00,1.739754676818847656e+00,4.547181725502014160e+00
3.341488599777221680e+00,-1.825267996360482176e-02,2.823851704597473145e+00,1.742323040962219238e+00,4.543255567550659180e+00
3.380546331405639648e+00,-1.825267996360482176e-02,2.804009914398193359e+00,1.748052835464477539e+00,4.532608985900878906e+00
3.419643640518188477e+00,-2.011791733214838077e-02,2.801509499549865723e+00,1.749910712242126465e+00,4.533597826957702637e+00
3.458711147308349609e+00,-1.971822361031761936e-02,2.797614336013793945e+00,1.758643388748168945e+00,4.528496861457824707e+00
3.497780323028564453e+00,-2.078407353519964862e-02,2.789916992187500000e+00,1.764291524887084961e+00,4.526596665382385254e+00
3.536885499954223633e+00,-1.985145485092787085e-02,2.766120433807373047e+00,1.767045855522155762e+00,4.528407454490661621e+00
3.576025247573852539e+00,-2.145022973825091994e-02,2.742940783500671387e+00,1.774395108222961426e+00,4.527344107627868652e+00
3.615157604217529297e+00,-2.145022973825091994e-02,2.727990150451660156e+00,1.785100698471069336e+00,4.518828392028808594e+00
3.654308795928955078e+00,-2.264931090374320763e-02,2.727413773536682129e+00,1.782199740409851074e+00,4.520867466926574707e+00
3.693535804748535156e+00,-1.758652376055354696e-02,2.721322178840637207e+00,1.794472932815551758e+00,4.515438675880432129e+00
3.732688903808593750e+00,-2.038437981336888721e-02,2.739229202270507812e+00,1.801551580429077148e+00,4.511123299598693848e+00
3.771765232086181641e+00,-2.158346097886117490e-02,2.741295099258422852e+00,1.798816919326782227e+00,4.513475298881530762e+00
3.810960292816162109e+00,-2.131699849764066845e-02,2.735419869422912598e+00,1.798876523971557617e+00,4.511327743530273438e+00
3.850032091140747070e+00,-1.838591120421507324e-02,2.738326191902160645e+00,1.793454289436340332e+00,4.517366886138916016e+00
3.889149427413940430e+00,-1.931852988848685448e-02,2.750777006149291992e+00,1.787765026092529297e+00,4.521253108978271484e+00
3.928292036056518555e+00,-1.918529864787659953e-02,2.761544585227966309e+00,1.782985329627990723e+00,4.528555870056152344e+00
3.967509984970092773e+00,-1.865237368543558316e-02,2.766327857971191406e+00,1.780774593353271484e+00,4.526517987251281738e+00
4.006637334823608398e+00,-1.532159267017923002e-02,2.762824296951293945e+00,1.778910160064697266e+00,4.532756209373474121e+00
4.045727729797363281e+00,-1.732006127933304052e-02,2.743491530418395996e+00,1.783940196037292480e+00,4.536182880401611328e+00
4.084943294525146484e+00,-2.025114857275863225e-02,2.739000320434570312e+00,1.789563298225402832e+00,4.535631537437438965e+00
4.124090909957885742e+00,-1.798621748238431184e-02,2.748668789863586426e+00,1.790647506713867188e+00,4.537374973297119141e+00
4.163194417953491211e+00,-1.811944872299456680e-02,2.746765017509460449e+00,1.790592670440673828e+00,4.543157219886779785e+00
4.202298402786254883e+00,-1.998468609153812234e-02,2.751767039299011230e+00,1.789377331733703613e+00,4.540206193923950195e+00
4.241455554962158203e+00,-1.918529864787659953e-02,2.763177156448364258e+00,1.792174577713012695e+00,4.533563852310180664e+00
4.280552625656127930e+00,-2.011791733214838077e-02,2.767469286918640137e+00,1.794691681861877441e+00,4.492268562316894531e+00
4.319691419601440430e+00,-2.011791733214838077e-02,2.777178287506103516e+00,1.787773370742797852e+00,4.539108872413635254e+00
4.364431619644165039e+00,-1.945176112909710944e-02,2.763238549232482910e+00,1.790733933448791504e+00,4.538694024085998535e+00
4.404030323028564453e+00,-2.011791733214838077e-02,2.785493135452270508e+00,1.786822080612182617e+00,4.535435438156127930e+00
4.443152427673339844e+00,-1.891883616665609308e-02,2.782948017120361328e+00,1.788031458854675293e+00,4.542841911315917969e+00
4.482251405715942383e+00,-1.798621748238431184e-02,2.766873240470886230e+00,1.792201399803161621e+00,4.538518190383911133e+00
4.521467685699462891e+00,-1.918529864787659953e-02,2.788237333297729492e+00,1.786692738533020020e+00,4.538874626159667969e+00
4.560591220855712891e+00,-2.145022973825091994e-02,2.771800756454467773e+00,1.785082817077636719e+00,4.549065232276916504e+00
4.599847793579101562e+00,-1.998468609153812234e-02,2.751747369766235352e+00,1.791813373565673828e+00,4.538238644599914551e+00
4.639055013656616211e+00,-1.838591120421507324e-02,2.775647044181823730e+00,1.785095334053039551e+00,4.546886682510375977e+00
4.678182840347290039e+00,-1.851914244482533167e-02,2.755876183509826660e+00,1.790949106216430664e+00,4.546978473663330078e+00
4.717297792434692383e+00,-2.251607966313295267e-02,2.744845151901245117e+00,1.793051362037658691e+00,4.550469517707824707e+00
4.756446599960327148e+00,-1.638744259506126275e-02,2.744524478912353516e+00,1.802166104316711426e+00,4.554982781410217285e+00
4.795586347579956055e+00,-2.171669221947142639e-02,2.742344737052917480e+00,1.807414889335632324e+00,4.547072649002075195e+00
4.834701776504516602e+00,-1.891883616665609308e-02,2.751888036727905273e+00,1.803475022315979004e+00,4.539400339126586914e+00
4.873791217803955078e+00,-1.945176112909710944e-02,2.758608460426330566e+00,1.802983880043029785e+00,4.533788561820983887e+00
4.913003683090209961e+00,-2.078407353519964862e-02,2.751561403274536133e+00,1.809732913970947266e+00,4.527141451835632324e+00
4.952122211456298828e+00,-2.118376725703041003e-02,2.746451497077941895e+00,1.813588738441467285e+00,4.525848031044006348e+00
4.991240501403808594e+00,-1.811944872299456680e-02,2.749879956245422363e+00,1.813350915908813477e+00,4.532876610755920410e+00
5.030443668365478516e+00,-2.011791733214838077e-02,2.740080952644348145e+00,1.810985207557678223e+00,4.533389210700988770e+00
5.069520711898803711e+00,-1.918529864787659953e-02,2.732086777687072754e+00,1.806176900863647461e+00,4.540738463401794434e+00
5.108641862869262695e+00,-1.811944872299456680e-02,2.719810605049133301e+00,1.810050010681152344e+00,4.536619186401367188e+00
5.147710561752319336e+00,-2.118376725703041003e-02,2.719405889511108398e+00,1.811450719833374023e+00,4.535870552062988281e+00
5.186773300170898438e+00,-1.905206740726634457e-02,2.716367244720458984e+00,1.814242601394653320e+00,4.535643458366394043e+00
5.225913286209106445e+00,-1.945176112909710944e-02,2.724279165267944336e+00,1.819127202033996582e+00,4.539082646369934082e+00
5.265043973922729492e+00,-1.851914244482533167e-02,2.728240489959716797e+00,1.821509003639221191e+00,4.538983702659606934e+00
5.304227113723754883e+00,-2.131699849764066845e-02,2.727447748184204102e+00,1.819905638694763184e+00,4.533803462982177734e+00
5.343355178833007812e+00,-1.998468609153812234e-02,2.723478078842163086e+00,1.819317936897277832e+00,4.524574875831604004e+00
5.382463932037353516e+00,-2.251607966313295267e-02,2.740795016288757324e+00,1.814684867858886719e+00,4.524027109146118164e+00
5.421581029891967773e+00,-1.971822361031761936e-02,2.747293114662170410e+00,1.812776327133178711e+00,4.532909393310546875e+00
5.460661649703979492e+00,-2.358192958801498540e-02,2.744178175926208496e+00,1.815179586410522461e+00,4.535095095634460449e+00
5.499775409698486328e+00,-2.105053601642015854e-02,2.746759057044982910e+00,1.810628771781921387e+00,4.540193676948547363e+00
5.538882732391357422e+00,-2.025114857275863225e-02,2.729675173759460449e+00,1.808041930198669434e+00,4.542042016983032227e+00
5.577984809875488281e+00,-2.171669221947142639e-02,2.733825445175170898e+00,1.802373528480529785e+00,4.543278813362121582e+00
5.617074966430664062e+00,-2.224961718191244622e-02,2.733157873153686523e+00,1.800453066825866699e+00,4.549444317817687988e+00
5.656142473220825195e+00,-1.865237368543558316e-02,2.736206650733947754e+00,1.806755661964416504e+00,4.548043012619018555e+00
5.695290803909301758e+00,-1.891883616665609308e-02,2.733075022697448730e+00,1.813710331916809082e+00,4.544221162796020508e+00
5.735261201858520508e+00,-1.958499236970736093e-02,2.749840021133422852e+00,1.813905835151672363e+00,4.542136788368225098e+00
5.775237798690795898e+00,-1.971822361031761936e-02,2.743083238601684570e+00,1.814080476760864258e+00,4.540131092071533203e+00
5.815248489379882812e+00,-2.145022973825091994e-02,2.762552499771118164e+00,1.806981563568115234e+00,4.538318514823913574e+00
5.855084896087646484e+00,-1.732006127933304052e-02,2.769780158996582031e+00,1.798598766326904297e+00,4.542412161827087402e+00
5.894289016723632812e+00,-1.985145485092787085e-02,2.762374877929687500e+00,1.797608137130737305e+00,4.546814560890197754e+00
5.933544635772705078e+00,-1.905206740726634457e-02,2.755829095840454102e+00,1.800373792648315430e+00,4.544512629508972168e+00
5.972669601440429688e+00,-1.865237368543558316e-02,2.762570977210998535e+00,1.803245544433593750e+00,4.539877772331237793e+00
6.011820077896118164e+00,-2.038437981336888721e-02,2.774311900138854980e+00,1.795547008514404297e+00,4.546190500259399414e+00
6.050986766815185547e+00,-1.985145485092787085e-02,2.779591083526611328e+00,1.784828901290893555e+00,4.542390704154968262e+00
6.090116739273071289e+00,-1.798621748238431184e-02,2.788209915161132812e+00,1.775193810462951660e+00,4.551790952682495117e+00
6.129264116287231445e+00,-1.838591120421507324e-02,2.767177224159240723e+00,1.775388717651367188e+00,4.553109407424926758e+00
6.168395757675170898e+00,-2.131699849764066845e-02,2.766134738922119141e+00,1.770284771919250488e+00,4.551517367362976074e+00
6.207529783248901367e+00,-2.065084229458939713e-02,2.771190404891967773e+00,1.773135066032409668e+00,4.547340273857116699e+00
6.247754812240600586e+00,-2.038437981336888721e-02,2.787883281707763672e+00,1.759973764419555664e+00,4.557328224182128906e+00
6.286888360977172852e+00,-2.025114857275863225e-02,2.803015112876892090e+00,1.756786704063415527e+00,4.559894204139709473e+00
6.326101064682006836e+00,-1.811944872299456680e-02,2.817198038101196289e+00,1.752359271049499512e+00,4.550579190254211426e+00
6.365207433700561523e+00,-2.038437981336888721e-02,2.826752066612243652e+00,1.741986274719238281e+00,4.547956585884094238e+00
6.404441595077514648e+00,-2.158346097886117490e-02,2.833080887794494629e+00,1.731830239295959473e+00,4.544720053672790527e+00
6.443579435348510742e+00,-2.238284842252269771e-02,2.848724722862243652e+00,1.724848151206970215e+00,4.548223018646240234e+00
6.482682466506958008e+00,-2.025114857275863225e-02,2.864962816238403320e+00,1.714242100715637207e+00,4.555243253707885742e+00
6.521745443344116211e+00,-1.745329251994329547e-02,2.866320013999938965e+00,1.710151433944702148e+00,4.555454254150390625e+00
6.560895919799804688e+00,-2.118376725703041003e-02,2.873017787933349609e+00,1.696809530258178711e+00,4.561182260513305664e+00
6.600008010864257812e+00,-2.105053601642015854e-02,2.866529226303100586e+00,1.689697504043579102e+00,4.567354917526245117e+00
6.639153003692626953e+00,-2.091730477580990705e-02,2.866714000701904297e+00,1.688676476478576660e+00,4.566509127616882324e+00
6.678285598754882812e+00,-2.078407353519964862e-02,2.875196933746337891e+00,1.685050725936889648e+00,4.565082788467407227e+00
6.717515707015991211e+00,-1.931852988848685448e-02,2.879298925399780273e+00,1.684300899505615234e+00,4.561325907707214355e+00
6.756656169891357422e+00,-1.891883616665609308e-02,2.901434302330017090e+00,1.678639054298400879e+00,4.566417932510375977e+00
6.795677185058593750e+00,-1.931852988848685448e-02,2.908307313919067383e+00,1.674357056617736816e+00,4.561246633529663086e+00
6.834788799285888672e+00,-2.145022973825091994e-02,2.907333970069885254e+00,1.670913100242614746e+00,4.550714492797851562e+00
6.873898744583129883e+00,-2.078407353519964862e-02,2.909888625144958496e+00,1.662613749504089355e+00,4.550970792770385742e+00
6.913098096847534180e+00,-2.171669221947142639e-02,2.910068631172180176e+00,1.658058762550354004e+00,4.547808766365051270e+00
6.952203273773193359e+00,-1.798621748238431184e-02,2.926350235939025879e+00,1.651084423065185547e+00,4.548859596252441406e+00
6.991263389587402344e+00,-1.798621748238431184e-02,2.921007275581359863e+00,1.642489433288574219e+00,4.553840160369873047e+00
7.030382156372070312e+00,-1.705359879811253060e-02,2.910968065261840820e+00,1.640826463699340820e+00,4.548346400260925293e+00
7.069523334503173828e+00,-1.891883616665609308e-02,2.902415990829467773e+00,1.637509465217590332e+00,4.548094272613525391e+00
7.108696699142456055e+00,-1.678713631689202415e-02,2.901484370231628418e+00,1.642290353775024414e+00,4.545546174049377441e+00
7.147803068161010742e+00,-1.931852988848685448e-02,2.910891771316528320e+00,1.638247370719909668e+00,4.550084471702575684e+00
7.186952352523803711e+00,-1.851914244482533167e-02,2.906507253646850586e+00,1.642488837242126465e+00,4.538159966468811035e+00
7.226093530654907227e+00,-2.105053601642015854e-02,2.909991145133972168e+00,1.637098193168640137e+00,4.539319276809692383e+00
7.265164136886596680e+00,-1.785298624177405688e-02,2.910277247428894043e+00,1.638188362121582031e+00,4.527901411056518555e+00
7.304280757904052734e+00,-1.918529864787659953e-02,2.921732664108276367e+00,1.635601520538330078e+00,4.518727064132690430e+00
7.343450784683227539e+00,-2.198315470069193631e-02,2.921302318572998047e+00,1.622599959373474121e+00,4.522391557693481445e+00
7.382551431655883789e+00,-1.758652376055354696e-02,2.913478612899780273e+00,1.622967123985290527e+00,4.517585635185241699e+00
7.421654701232910156e+00,-1.851914244482533167e-02,2.936505079269409180e+00,1.615874767303466797e+00,4.522933959960937500e+00
7.460738658905029297e+00,-2.105053601642015854e-02,2.924421429634094238e+00,1.601670384407043457e+00,4.526827335357666016e+00
7.499849081039428711e+00,-2.105053601642015854e-02,2.917256951332092285e+00,1.603109836578369141e+00,4.515420794486999512e+00
7.539060115814208984e+00,-2.025114857275863225e-02,2.926155328750610352e+00,1.599960923194885254e+00,4.525970816612243652e+00
7.578187704086303711e+00,-2.118376725703041003e-02,2.920647263526916504e+00,1.600535511970520020e+00,4.525848627090454102e+00
7.617319583892822266e+00,-1.931852988848685448e-02,2.967842221260070801e+00,1.599860787391662598e+00,4.520931243896484375e+00
7.656476020812988281e+00,-1.718683003872278556e-02,2.943599820137023926e+00,1.591335535049438477e+00,4.536286592483520508e+00
7.695571422576904297e+00,-2.131699849764066845e-02,2.938786149024963379e+00,1.589511036872863770e+00,4.526411890983581543e+00
7.734714746475219727e+00,-2.211638594130218780e-02,2.948984503746032715e+00,1.583444476127624512e+00,4.523553252220153809e+00
7.773786067962646484e+00,-1.785298624177405688e-02,2.975181341171264648e+00,1.573922634124755859e+00,4.520324468612670898e+00
7.813010692596435547e+00,-1.985145485092787085e-02,2.988783717155456543e+00,1.563446521759033203e+00,4.521638154983520508e+00
7.852131843566894531e+00,-1.785298624177405688e-02,3.003548979759216309e+00,1.553716063499450684e+00,4.533735513687133789e+00
7.891235828399658203e+00,-1.945176112909710944e-02,3.008817434310913086e+00,1.548925638198852539e+00,4.540860652923583984e+00
7.930364608764648438e+00,-2.118376725703041003e-02,3.015309572219848633e+00,1.537082195281982422e+00,4.545156955718994141e+00
7.969506740570068359e+00,-1.931852988848685448e-02,3.017329573631286621e+00,1.526586413383483887e+00,4.546577930450439453e+00
8.008570432662963867e+00,-2.118376725703041003e-02,3.021599650382995605e+00,1.521609425544738770e+00,4.547575712203979492e+00
8.047650098800659180e+00,-1.785298624177405688e-02,3.032769560813903809e+00,1.520285606384277344e+00,4.556390643119812012e+00
8.086770534515380859e+00,-1.811944872299456680e-02,3.039394021034240723e+00,1.521656513214111328e+00,4.558888673782348633e+00
8.127071857452392578e+00,-1.971822361031761936e-02,3.043166399002075195e+00,1.515517234802246094e+00,4.554221630096435547e+00
8.166260719299316406e+00,-1.771975500116380539e-02,3.044713735580444336e+00,1.506490707397460938e+00,4.563553333282470703e+00
8.205339908599853516e+00,-1.798621748238431184e-02,3.041504621505737305e+00,1.510255932807922363e+00,4.551822543144226074e+00
8.244503498077392578e+00,-1.958499236970736093e-02,3.053362965583801270e+00,1.507345438003540039e+00,4.537894129753112793e+00
8.283567905426025391e+00,-1.891883616665609308e-02,3.075942993164062500e+00,1.499261260032653809e+00,4.535049796104431152e+00
8.322769641876220703e+00,-1.732006127933304052e-02,3.080849051475524902e+00,1.493297219276428223e+00,4.540170431137084961e+00
8.361913442611694336e+00,-1.811944872299456680e-02,3.074558377265930176e+00,1.487866640090942383e+00,4.547197222709655762e+00
8.401021480560302734e+00,-2.158346097886117490e-02,3.055031895637512207e+00,1.489761471748352051e+00,4.546595215797424316e+00
8.440153837203979492e+00,-2.051761105397914217e-02,3.038781881332397461e+00,1.495506167411804199e+00,4.532552957534790039e+00
8.479273319244384766e+00,-2.051761105397914217e-02,3.049012422561645508e+00,1.483936309814453125e+00,4.529976844787597656e+00
8.518552064895629883e+00,-2.105053601642015854e-02,3.044047355651855469e+00,1.485573053359985352e+00,4.528824687004089355e+00
8.557676315307617188e+00,-2.038437981336888721e-02,3.054375052452087402e+00,1.486586332321166992e+00,4.536534547805786133e+00
8.596749782562255859e+00,-2.025114857275863225e-02,3.040162920951843262e+00,1.493060588836669922e+00,4.535910487174987793e+00
8.636000871658325195e+00,-2.251607966313295267e-02,3.022344708442687988e+00,1.503260135650634766e+00,4.516900777816772461e+00
8.675107717514038086e+00,-1.891883616665609308e-02,3.042886257171630859e+00,1.485051512718200684e+00,4.517668485641479492e+00
8.714294195175170898e+00,-2.131699849764066845e-02,3.050075173377990723e+00,1.478740572929382324e+00,4.513666033744812012e+00
8.753625631332397461e+00,-2.145022973825091994e-02,3.071948885917663574e+00,1.473864316940307617e+00,4.511185884475708008e+00
8.793824911117553711e+00,-1.945176112909710944e-02,3.068080544471740723e+00,1.471147537231445312e+00,4.515252709388732910e+00
8.833916664123535156e+00,-2.078407353519964862e-02,3.065714240074157715e+00,1.471505761146545410e+00,4.509312510490417480e+00
8.873927593231201172e+00,-2.025114857275863225e-02,3.077582716941833496e+00,1.462107896804809570e+00,4.511210918426513672e+00
8.913930892944335938e+00,-1.985145485092787085e-02,3.082311749458312988e+00,1.454693675041198730e+00,4.514185190200805664e+00
8.953967094421386719e+00,-1.705359879811253060e-02,3.094897270202636719e+00,1.454536318778991699e+00,4.513048529624938965e+00
8.994005680084228516e+00,-1.798621748238431184e-02,3.085193634033203125e+00,1.453173756599426270e+00,4.518156051635742188e+00
9.033991575241088867e+00,-2.118376725703041003e-02,3.089486956596374512e+00,1.438860893249511719e+00,4.519332647323608398e+00
9.074020862579345703e+00,-2.078407353519964862e-02,3.092768788337707520e+00,1.425333023071289062e+00,4.530367851257324219e+00
9.114000558853149414e+00,-1.798621748238431184e-02,3.046956658363342285e+00,1.428308486938476562e+00,4.527218341827392578e+00
9.154050588607788086e+00,-1.905206740726634457e-02,3.105753064155578613e+00,1.426573991775512695e+00,4.524474143981933594e+00
9.194049119949340820e+00,-1.878560492604583465e-02,3.111599087715148926e+00,1.419191360473632812e+00,4.526242017745971680e+00
9.234065055847167969e+00,-1.971822361031761936e-02,3.112159967422485352e+00,1.412444114685058594e+00,4.533299207687377930e+00
9.274028062820434570e+00,-1.905206740726634457e-02,3.122910261154174805e+00,1.404731869697570801e+00,4.539813995361328125e+00
9.314063549041748047e+00,-2.091730477580990705e-02,3.130413889884948730e+00,1.404319405555725098e+00,4.551721215248107910e+00
9.354097604751586914e+00,-1.998468609153812234e-02,3.133364319801330566e+00,1.409426927566528320e+00,4.547818899154663086e+00
9.394086360931396484e+00,-2.011791733214838077e-02,3.161360621452331543e+00,1.395972967147827148e+00,4.552049040794372559e+00
9.434097290039062500e+00,-1.945176112909710944e-02,3.177715539932250977e+00,1.390593647956848145e+00,4.547966718673706055e+00
9.474101066589355469e+00,-1.798621748238431184e-02,3.211581707000732422e+00,1.374384760856628418e+00,4.557849168777465820e+00
9.514055728912353516e+00,-1.771975500116380539e-02,3.210220336914062500e+00,1.368984580039978027e+00,4.531506299972534180e+00
9.553988218307495117e+00,-1.971822361031761936e-02,3.201843500137329102e+00,1.368597745895385742e+00,4.562528133392333984e+00
9.594007015228271484e+00,-2.038437981336888721e-02,3.226395249366760254e+00,1.357489228248596191e+00,4.561911225318908691e+00
9.634053945541381836e+00,-1.945176112909710944e-02,3.231236338615417480e+00,1.346858143806457520e+00,4.561814069747924805e+00
9.674055576324462891e+00,-2.025114857275863225e-02,3.248754739761352539e+00,1.341659426689147949e+00,4.564221501350402832e+00
9.714033365249633789e+00,-2.158346097886117490e-02,3.265002369880676270e+00,1.332133412361145020e+00,4.573453664779663086e+00
9.754054307937622070e+00,-1.931852988848685448e-02,3.254798650741577148e+00,1.330407261848449707e+00,4.576390385627746582e+00
9.793976545333862305e+00,-2.051761105397914217e-02,3.270654082298278809e+00,1.326272487640380859e+00,4.573032855987548828e+00
9.833962202072143555e+00,-2.051761105397914217e-02,3.285195231437683105e+00,1.319708824157714844e+00,4.575430154800415039e+00
9.873949289321899414e+00,-2.025114857275863225e-02,3.285090923309326172e+00,1.317687630653381348e+00,4.577342271804809570e+00
9.913984060287475586e+00,-1.785298624177405688e-02,3.279254436492919922e+00,1.319398880004882812e+00,4.577941894531250000e+00
9.953970432281494141e+00,-1.705359879811253060e-02,3.275582790374755859e+00,1.314244270324707031e+00,4.580877423286437988e+00
9.994003772735595703e+00,-1.878560492604583465e-02,3.279919028282165527e+00,1.305629014968872070e+00,4.582180976867675781e+00
1.003388428688049316e+01,-2.171669221947142639e-02,3.280476927757263184e+00,1.309033036231994629e+00,4.575864672660827637e+00
1.007498598098754883e+01,-1.811944872299456680e-02,3.290567994117736816e+00,1.296867728233337402e+00,4.585947990417480469e+00
1.011499428749084473e+01,-1.838591120421507324e-02,3.275777101516723633e+00,1.297059059143066406e+00,4.583927989006042480e+00
1.015507197380065918e+01,-2.065084229458939713e-02,3.265163898468017578e+00,1.298276185989379883e+00,4.578052759170532227e+00
1.019510698318481445e+01,-1.931852988848685448e-02,3.242661952972412109e+00,1.291756629943847656e+00,4.578222036361694336e+00
1.023511147499084473e+01,-1.958499236970736093e-02,3.280018568038940430e+00,1.295642852783203125e+00,4.581342935562133789e+00
1.027506470680236816e+01,-1.851914244482533167e-02,3.293616175651550293e+00,1.293686628341674805e+00,4.584320187568664551e+00
1.031507492065429688e+01,-1.971822361031761936e-02,3.295674920082092285e+00,1.291257143020629883e+00,4.586428403854370117e+00
1.035507631301879883e+01,-2.158346097886117490e-02,3.295548558235168457e+00,1.291591525077819824e+00,4.586804509162902832e+00
1.039507508277893066e+01,-1.945176112909710944e-02,3.301952481269836426e+00,1.282553076744079590e+00,4.593909978866577148e+00
1.043444466590881348e+01,-2.158346097886117490e-02,3.312034010887145996e+00,1.280300021171569824e+00,4.592444896697998047e+00
1.047355961799621582e+01,-1.838591120421507324e-02,3.314754366874694824e+00,1.282848715782165527e+00,4.580127000808715820e+00
1.051269078254699707e+01,-2.051761105397914217e-02,3.325743079185485840e+00,1.279634237289428711e+00,4.571921825408935547e+00
1.055175805091857910e+01,-2.011791733214838077e-02,3.335104584693908691e+00,1.270816922187805176e+00,4.570887684822082520e+00
1.059089350700378418e+01,-2.078407353519964862e-02,3.328903317451477051e+00,1.272468566894531250e+00,4.576851129531860352e+00
1.063004469871520996e+01,-1.998468609153812234e-02,3.327082991600036621e+00,1.272038221359252930e+00,4.580423235893249512e+00
1.066911959648132324e+01,-2.011791733214838077e-02,3.311141133308410645e+00,1.271234154701232910e+00,4.572567343711853027e+00
1.070818758010864258e+01,-1.865237368543558316e-02,3.310256600379943848e+00,1.263979673385620117e+00,4.571684598922729492e+00
1.074726605415344238e+01,-2.078407353519964862e-02,3.292194604873657227e+00,1.268808245658874512e+00,4.573187232017517090e+00
1.078629136085510254e+01,-1.998468609153812234e-02,3.292682766914367676e+00,1.271069645881652832e+00,4.569281935691833496e+00
1.082542896270751953e+01,-2.011791733214838077e-02,3.275970220565795898e+00,1.279872059822082520e+00,4.561880826950073242e+00
1.086459112167358398e+01,-1.971822361031761936e-02,3.274779319763183594e+00,1.282130479812622070e+00,4.558333754539489746e+00
1.090366840362548828e+01,-1.851914244482533167e-02,3.281267285346984863e+00,1.283780932426452637e+00,4.555848836898803711e+00
1.094283986091613770e+01,-2.198315470069193631e-02,3.275617957115173340e+00,1.288036108016967773e+00,4.545056819915771484e+00
1.098200488090515137e+01,-1.851914244482533167e-02,3.281494975090026855e+00,1.283547282218933105e+00,4.537007212638854980e+00
1.102105116844177246e+01,-1.998468609153812234e-02,3.272049427032470703e+00,1.286790370941162109e+00,4.524588584899902344e+00
1.106013178825378418e+01,-1.945176112909710944e-02,3.277852535247802734e+00,1.282104253768920898e+00,4.531029462814331055e+00
1.109925651550292969e+01,-1.971822361031761936e-02,3.266770243644714355e+00,1.285313963890075684e+00,4.536761641502380371e+00
1.113841462135314941e+01,-2.118376725703041003e-02,3.268357515335083008e+00,1.281842589378356934e+00,4.535869956016540527e+00
1.117752337455749512e+01,-1.998468609153812234e-02,3.251072168350219727e+00,1.271504759788513184e+00,4.538087844848632812e+00
1.121659135818481445e+01,-1.985145485092787085e-02,3.248068094253540039e+00,1.272375583648681641e+00,4.536071419715881348e+00
1.125574517250061035e+01,-2.184992346008168482e-02,3.269309401512145996e+00,1.267089247703552246e+00,4.541322588920593262e+00
1.129482507705688477e+01,-1.945176112909710944e-02,3.272612094879150391e+00,1.271851062774658203e+00,4.539213180541992188e+00
1.133401298522949219e+01,-1.998468609153812234e-02,3.278036713600158691e+00,1.275404095649719238e+00,4.539957046508789062e+00
1.137311315536499023e+01,-2.158346097886117490e-02,3.287894129753112793e+00,1.269848346710205078e+00,4.543738961219787598e+00
1.141220450401306152e+01,-1.758652376055354696e-02,3.284775018692016602e+00,1.269070506095886230e+00,4.538589119911193848e+00
1.145132684707641602e+01,-1.971822361031761936e-02,3.298942446708679199e+00,1.261564493179321289e+00,4.542238116264343262e+00
1.149047160148620605e+01,-1.718683003872278556e-02,3.306172490119934082e+00,1.253206133842468262e+00,4.539344310760498047e+00
1.152954411506652832e+01,-2.118376725703041003e-02,3.325403928756713867e+00,1.247124075889587402e+00,4.541767835617065430e+00
1.156862950325012207e+01,-2.011791733214838077e-02,3.341855406761169434e+00,1.239635944366455078e+00,4.558390974998474121e+00
1.160768270492553711e+01,-2.065084229458939713e-02,3.334980607032775879e+00,1.235685348510742188e+00,4.565094709396362305e+00
1.164676237106323242e+01,-2.038437981336888721e-02,3.322325944900512695e+00,1.235198974609375000e+00,4.560353159904479980e+00
1.168588471412658691e+01,-2.184992346008168482e-02,3.314740657806396484e+00,1.232855916023254395e+00,4.563909173011779785e+00
1.172506308555603027e+01,-1.705359879811253060e-02,3.327320814132690430e+00,1.231974363327026367e+00,4.564501047134399414e+00
1.176418447494506836e+01,-1.958499236970736093e-02,3.361039757728576660e+00,1.222343444824218750e+00,4.576362371444702148e+00
1.180327510833740234e+01,-1.931852988848685448e-02,3.351073265075683594e+00,1.228765845298767090e+00,4.569961428642272949e+00
1.184238791465759277e+01,-2.065084229458939713e-02,3.348004221916198730e+00,1.229498982429504395e+00,4.564046263694763184e+00
1.188152408599853516e+01,-1.798621748238431184e-02,3.357161283493041992e+00,1.231793165206909180e+00,4.554983377456665039e+00
1.192060470581054688e+01,-2.184992346008168482e-02,3.369022011756896973e+00,1.220499873161315918e+00,4.561734795570373535e+00
1.196081256866455078e+01,-1.958499236970736093e-02,3.371053338050842285e+00,1.210380792617797852e+00,4.564788937568664551e+00
1.199997639656066895e+01,-2.011791733214838077e-02,3.380443453788757324e+00,1.205621957778930664e+00,4.568663239479064941e+00
1.203908491134643555e+01,-2.158346097886117490e-02,3.379911780357360840e+00,1.207593679428100586e+00,4.572039246559143066e+00
1.207814097404479980e+01,-1.825267996360482176e-02,3.387827873229980469e+00,1.206722259521484375e+00,4.570655822753906250e+00
1.211724019050598145e+01,-1.758652376055354696e-02,3.377954363822937012e+00,1.204555630683898926e+00,4.572040438652038574e+00
1.215640759468078613e+01,-2.278254214435346259e-02,3.361290097236633301e+00,1.199979186058044434e+00,4.574988484382629395e+00
1.219550967216491699e+01,-1.998468609153812234e-02,3.350317478179931641e+00,1.206721067428588867e+00,4.573049545288085938e+00
1.223458933830261230e+01,-1.891883616665609308e-02,3.372930884361267090e+00,1.202908754348754883e+00,4.578264951705932617e+00
1.227368307113647461e+01,-2.091730477580990705e-02,3.369666934013366699e+00,1.209031343460083008e+00,4.568861722946166992e+00
1.231300735473632812e+01,-2.065084229458939713e-02,3.371446132659912109e+00,1.212827563285827637e+00,4.561384320259094238e+00
1.235219335556030273e+01,-2.051761105397914217e-02,3.371886610984802246e+00,1.210111379623413086e+00,4.563600420951843262e+00
1.239130496978759766e+01,-2.091730477580990705e-02,3.363391757011413574e+00,1.214482188224792480e+00,4.550095796585083008e+00
1.243046617507934570e+01,-1.958499236970736093e-02,3.381255269050598145e+00,1.204530000686645508e+00,4.559518098831176758e+00
1.246962046623229980e+01,-1.971822361031761936e-02,3.374524712562561035e+00,1.199926733970642090e+00,4.560407996177673340e+00
1.250869774818420410e+01,-1.998468609153812234e-02,3.365036845207214355e+00,1.199299693107604980e+00,4.555516242980957031e+00
1.254777240753173828e+01,-1.905206740726634457e-02,3.367112278938293457e+00,1.201946735382080078e+00,4.557062387466430664e+00
1.258683657646179199e+01,-2.051761105397914217e-02,3.367757797241210938e+00,1.205283403396606445e+00,4.553097486495971680e+00
1.262599825859069824e+01,-1.998468609153812234e-02,3.349762558937072754e+00,1.205403208732604980e+00,4.552429914474487305e+00
1.266514015197753906e+01,-1.878560492604583465e-02,3.332214355468750000e+00,1.249784827232360840e+00,4.557372331619262695e+00
1.270427560806274414e+01,-1.505513018895872010e-02,3.332819938659667969e+00,1.213129162788391113e+00,4.552668333053588867e+00
1.274344372749328613e+01,-2.171669221947142639e-02,3.358774781227111816e+00,1.207473874092102051e+00,4.550420045852661133e+00
1.278252482414245605e+01,-1.918529864787659953e-02,3.365667462348937988e+00,1.204335093498229980e+00,4.553447365760803223e+00
1.282158994674682617e+01,-1.971822361031761936e-02,3.349383473396301270e+00,1.208992600440979004e+00,4.545155167579650879e+00
1.286067605018615723e+01,-2.065084229458939713e-02,3.361786007881164551e+00,1.208600401878356934e+00,4.538180828094482422e+00
1.289981245994567871e+01,-2.051761105397914217e-02,3.368231654167175293e+00,1.204998493194580078e+00,4.547761678695678711e+00
1.293897628784179688e+01,-1.945176112909710944e-02,3.368744850158691406e+00,1.201456189155578613e+00,4.552997350692749023e+00
1.297812628746032715e+01,-1.918529864787659953e-02,3.366990089416503906e+00,1.194182634353637695e+00,4.554511308670043945e+00
1.301716899871826172e+01,-1.865237368543558316e-02,3.354017138481140137e+00,1.193647384643554688e+00,4.554569721221923828e+00
1.305630254745483398e+01,-1.931852988848685448e-02,3.355371356010437012e+00,1.198427677154541016e+00,4.549769759178161621e+00
1.309539508819580078e+01,-1.878560492604583465e-02,3.369613289833068848e+00,1.194407343864440918e+00,4.550694227218627930e+00
1.313451576232910156e+01,-2.038437981336888721e-02,3.351675271987915039e+00,1.200261116027832031e+00,4.560792446136474609e+00
1.317364573478698730e+01,-1.878560492604583465e-02,3.337454795837402344e+00,1.211986541748046875e+00,4.560062289237976074e+00
1.321287059783935547e+01,-1.945176112909710944e-02,3.356831669807434082e+00,1.205337047576904297e+00,4.556949138641357422e+00
1.325203824043273926e+01,-2.211638594130218780e-02,3.367199897766113281e+00,1.197606921195983887e+00,4.548783898353576660e+00
1.329106855392456055e+01,-2.038437981336888721e-02,3.372517824172973633e+00,1.194593310356140137e+00,4.547817707061767578e+00
1.333015465736389160e+01,-2.011791733214838077e-02,3.384137153625488281e+00,1.190953254699707031e+00,4.547269940376281738e+00
1.336924433708190918e+01,-2.105053601642015854e-02,3.380588293075561523e+00,1.196515560150146484e+00,4.547390341758728027e+00
1.340828275680541992e+01,-1.971822361031761936e-02,3.386808037757873535e+00,1.195220351219177246e+00,4.545194506645202637e+00
1.344738006591796875e+01,-1.945176112909710944e-02,3.380264639854431152e+00,1.186643242835998535e+00,4.559522867202758789e+00
1.348655843734741211e+01,-1.718683003872278556e-02,3.346744775772094727e+00,1.190394163131713867e+00,4.556375145912170410e+00
1.352563595771789551e+01,-1.945176112909710944e-02,3.342711925506591797e+00,1.192944049835205078e+00,4.549582004547119141e+00
1.356472015380859375e+01,-2.224961718191244622e-02,3.358398675918579102e+00,1.193891763687133789e+00,4.552420973777770996e+00
1.360373425483703613e+01,-2.171669221947142639e-02,3.356651067733764648e+00,1.203535795211791992e+00,4.550044536590576172e+00
1.364286541938781738e+01,-2.091730477580990705e-02,3.355191946029663086e+00,1.207383275032043457e+00,4.550378918647766113e+00
1.368202137947082520e+01,-2.131699849764066845e-02,3.354009389877319336e+00,1.205967664718627930e+00,4.549526572227478027e+00
1.372111105918884277e+01,-2.158346097886117490e-02,3.341547846794128418e+00,1.208499073982238770e+00,4.535849690437316895e+00
1.376032757759094238e+01,-1.838591120421507324e-02,3.348147273063659668e+00,1.199813485145568848e+00,4.533023238182067871e+00
1.379950976371765137e+01,-1.838591120421507324e-02,3.360070586204528809e+00,1.200909614562988281e+00,4.535352587699890137e+00
1.383965587615966797e+01,-1.998468609153812234e-02,3.356566429138183594e+00,1.206953525543212891e+00,4.527255892753601074e+00
1.387877368927001953e+01,-2.078407353519964862e-02,3.369693160057067871e+00,1.208192110061645508e+00,4.531018733978271484e+00
1.391782832145690918e+01,-2.291577338496371408e-02,3.347216844558715820e+00,1.208038330078125000e+00,4.530816078186035156e+00
1.395691847801208496e+01,-1.865237368543558316e-02,3.328567743301391602e+00,1.199418306350708008e+00,4.533929824829101562e+00
1.399613332748413086e+01,-1.865237368543558316e-02,3.312931656837463379e+00,1.203196048736572266e+00,4.538971781730651855e+00
1.403526186943054199e+01,-1.905206740726634457e-02,3.301253318786621094e+00,1.211066246032714844e+00,4.531776905059814453e+00
1.407440733909606934e+01,-1.945176112909710944e-02,3.310582041740417480e+00,1.211792826652526855e+00,4.528860449790954590e+00
1.411366057395935059e+01,-1.905206740726634457e-02,3.326991796493530273e+00,1.219452023506164551e+00,4.527526497840881348e+00
1.415288805961608887e+01,-1.865237368543558316e-02,3.326899409294128418e+00,1.222197413444519043e+00,4.528607726097106934e+00
1.419203448295593262e+01,-1.678713631689202415e-02,3.320286870002746582e+00,1.219419836997985840e+00,4.522300362586975098e+00
1.423113059997558594e+01,-1.798621748238431184e-02,3.309698700904846191e+00,1.220586299896240234e+00,4.510928988456726074e+00
1.427020215988159180e+01,-2.025114857275863225e-02,3.308680653572082520e+00,1.223782896995544434e+00,4.505992531776428223e+00
1.430931401252746582e+01,-1.851914244482533167e-02,3.323885798454284668e+00,1.222531199455261230e+00,4.502688646316528320e+00
1.434844207763671875e+01,-1.572128639200999142e-02,3.323512077331542969e+00,1.223345398902893066e+00,4.511048793792724609e+00
1.438761663436889648e+01,-1.971822361031761936e-02,3.301842212677001953e+00,1.230330467224121094e+00,4.508517980575561523e+00
1.442669606208801270e+01,-1.998468609153812234e-02,3.271434307098388672e+00,1.232291460037231445e+00,4.497994184494018555e+00
1.446584033966064453e+01,-2.038437981336888721e-02,3.249289393424987793e+00,1.235842108726501465e+00,4.503256082534790039e+00
1.450501298904418945e+01,-2.091730477580990705e-02,3.228001594543457031e+00,1.243480443954467773e+00,4.492627382278442383e+00
1.454407811164855957e+01,-1.945176112909710944e-02,3.235129117965698242e+00,1.246945261955261230e+00,4.481824636459350586e+00
1.458320116996765137e+01,-1.811944872299456680e-02,3.225627541542053223e+00,1.262084841728210449e+00,4.482177495956420898e+00
1.462224984169006348e+01,-1.971822361031761936e-02,3.206923007965087891e+00,1.280161142349243164e+00,4.461328983306884766e+00
1.466133832931518555e+01,-1.705359879811253060e-02,3.214899301528930664e+00,1.281300187110900879e+00,4.450829625129699707e+00
1.470049929618835449e+01,-1.998468609153812234e-02,3.191512823104858398e+00,1.281849741935729980e+00,4.450085759162902832e+00
1.473963379859924316e+01,-1.865237368543558316e-02,3.186033368110656738e+00,1.275486946105957031e+00,4.449621438980102539e+00
1.477870297431945801e+01,-2.131699849764066845e-02,3.191449046134948730e+00,1.278001070022583008e+00,4.451883435249328613e+00
1.481780767440795898e+01,-2.025114857275863225e-02,3.202124238014221191e+00,1.277818083763122559e+00,4.451881647109985352e+00
1.485689163208007812e+01,-1.958499236970736093e-02,3.213875293731689453e+00,1.264163851737976074e+00,4.466779232025146484e+00
1.489603662490844727e+01,-2.238284842252269771e-02,3.196055293083190918e+00,1.269195079803466797e+00,4.461590051651000977e+00
1.493510174751281738e+01,-2.224961718191244622e-02,3.188133835792541504e+00,1.267187595367431641e+00,4.469251036643981934e+00
1.497426271438598633e+01,-1.931852988848685448e-02,3.183420896530151367e+00,1.271412372589111328e+00,4.471516609191894531e+00
1.501337575912475586e+01,-2.145022973825091994e-02,3.197528123855590820e+00,1.272358894348144531e+00,4.470016360282897949e+00
0.000000000000000000e+00,0.000000000000000000e+00,0.000000000000000000e+00,0.000000000000000000e+00,0.000000000000000000e+00
0.000000000000000000e+00,0.000000000000000000e+00,0.000000000000000000e+00,0.000000000000000000e+00,0.000000000000000000e+00
0.000000000000000000e+00,0.000000000000000000e+00,0.000000000000000000e+00,0.000000000000000000e+00,0.000000000000000000e+00
0.000000000000000000e+00,0.000000000000000000e+00,0.000000000000000000e+00,0.000000000000000000e+00,0.000000000000000000e+00
0.000000000000000000e+00,0.000000000000000000e+00,0.000000000000000000e+00,0.000000000000000000e+00,0.000000000000000000e+00
0.000000000000000000e+00,0.000000000000000000e+00,0.000000000000000000e+00,0.000000000000000000e+00,0.000000000000000000e+00
0.000000000000000000e+00,0.000000000000000000e+00,0.000000000000000000e+00,0.000000000000000000e+00,0.000000000000000000e+00
0.000000000000000000e+00,0.000000000000000000e+00,0.000000000000000000e+00,0.000000000000000000e+00,0.000000000000000000e+00
0.000000000000000000e+00,0.000000000000000000e+00,0.000000000000000000e+00,0.000000000000000000e+00,0.000000000000000000e+00
0.000000000000000000e+00,0.000000000000000000e+00,0.000000000000000000e+00,0.000000000000000000e+00,0.000000000000000000e+00
0.000000000000000000e+00,0.000000000000000000e+00,0.000000000000000000e+00,0.000000000000000000e+00,0.000000000000000000e+00
0.000000000000000000e+00,0.000000000000000000e+00,0.000000000000000000e+00,0.000000000000000000e+00,0.000000000000000000e+00
0.000000000000000000e+00,0.000000000000000000e+00,0.000000000000000000e+00,0.000000000000000000e+00,0.000000000000000000e+00
0.000000000000000000e+00,0.000000000000000000e+00,0.000000000000000000e+00,0.000000000000000000e+00,0.000000000000000000e+00
0.000000000000000000e+00,0.000000000000000000e+00,0.000000000000000000e+00,0.000000000000000000e+00,0.000000000000000000e+00
0.000000000000000000e+00,0.000000000000000000e+00,0.000000000000000000e+00,0.000000000000000000e+00,0.000000000000000000e+00
0.000000000000000000e+00,0.000000000000000000e+00,0.000000000000000000e+00,0.000000000000000000e+00,0.000000000000000000e+00
0.000000000000000000e+00,0.000000000000000000e+00,0.000000000000000000e+00,0.000000000000000000e+00,0.000000000000000000e+00
0.000000000000000000e+00,0.000000000000000000e+00,0.000000000000000000e+00,0.000000000000000000e+00,0.000000000000000000e+00
0.000000000000000000e+00,0.000000000000000000e+00,0.000000000000000000e+00,0.000000000000000000e+00,0.000000000000000000e+00
0.000000000000000000e+00,0.000000000000000000e+00,0.000000000000000000e+00,0.000000000000000000e+00,0.000000000000000000e+00
0.000000000000000000e+00,0.000000000000000000e+00,0.000000000000000000e+00,0.000000000000000000e+00,0.000000000000000000e+00
0.000000000000000000e+00,0.000000000000000000e+00,0.000000000000000000e+00,0.000000000000000000e+00,0.000000000000000000e+00
0.000000000000000000e+00,0.000000000000000000e+00,0.000000000000000000e+00,0.000000000000000000e+00,0.000000000000000000e+00
0.000000000000000000e+00,0.000000000000000000e+00,0.000000000000000000e+00,0.000000000000000000e+00,0.000000000000000000e+00
0.000000000000000000e+00,0.000000000000000000e+00,0.000000000000000000e+00,0.000000000000000000e+00,0.000000000000000000e+00
0.000000000000000000e+00,0.000000000000000000e+00,0.000000000000000000e+00,0.000000000000000000e+00,0.000000000000000000e+00
0.000000000000000000e+00,0.000000000000000000e+00,0.000000000000000000e+00,0.000000000000000000e+00,0.000000000000000000e+00
0.000000000000000000e+00,0.000000000000000000e+00,0.000000000000000000e+00,0.000000000000000000e+00,0.000000000000000000e+00
0.000000000000000000e+00,0.000000000000000000e+00,0.000000000000000000e+00,0.000000000000000000e+00,0.000000000000000000e+00
0.000000000000000000e+00,0.000000000000000000e+00,0.000000000000000000e+00,0.000000000000000000e+00,0.000000000000000000e+00
0.000000000000000000e+00,0.000000000000000000e+00,0.000000000000000000e+00,0.000000000000000000e+00,0.000000000000000000e+00
0.000000000000000000e+00,0.000000000000000000e+00,0.000000000000000000e+00,0.000000000000000000e+00,0.000000000000000000e+00
0.000000000000000000e+00,0.000000000000000000e+00,0.000000000000000000e+00,0.000000000000000000e+00,0.000000000000000000e+00
0.000000000000000000e+00,0.000000000000000000e+00,0.000000000000000000e+00,0.000000000000000000e+00,0.000000000000000000e+00
0.000000000000000000e+00,0.000000000000000000e+00,0.000000000000000000e+00,0.000000000000000000e+00,0.000000000000000000e+00
0.000000000000000000e+00,0.000000000000000000e+00,0.000000000000000000e+00,0.000000000000000000e+00,0.000000000000000000e+00
0.000000000000000000e+00,0.000000000000000000e+00,0.000000000000000000e+00,0.000000000000000000e+00,0.000000000000000000e+00
0.000000000000000000e+00,0.000000000000000000e+00,0.000000000000000000e+00,0.000000000000000000e+00,0.000000000000000000e+00
0.000000000000000000e+00,0.000000000000000000e+00,0.000000000000000000e+00,0.000000000000000000e+00,0.000000000000000000e+00
0.000000000000000000e+00,0.000000000000000000e+00,0.000000000000000000e+00,0.000000000000000000e+00,0.000000000000000000e+00
0.000000000000000000e+00,0.000000000000000000e+00,0.000000000000000000e+00,0.000000000000000000e+00,0.000000000000000000e+00
0.000000000000000000e+00,0.000000000000000000e+00,0.000000000000000000e+00,0.000000000000000000e+00,0.000000000000000000e+00
0.000000000000000000e+00,0.000000000000000000e+00,0.000000000000000000e+00,0.000000000000000000e+00,0.000000000000000000e+00
0.000000000000000000e+00,0.000000000000000000e+00,0.000000000000000000e+00,0.000000000000000000e+00,0.000000000000000000e+00
0.000000000000000000e+00,0.000000000000000000e+00,0.000000000000000000e+00,0.000000000000000000e+00,0.000000000000000000e+00
0.000000000000000000e+00,0.000000000000000000e+00,0.000000000000000000e+00,0.000000000000000000e+00,0.000000000000000000e+00
0.000000000000000000e+00,0.000000000000000000e+00,0.000000000000000000e+00,0.000000000000000000e+00,0.000000000000000000e+00
0.000000000000000000e+00,0.000000000000000000e+00,0.000000000000000000e+00,0.000000000000000000e+00,0.000000000000000000e+00
0.000000000000000000e+00,0.000000000000000000e+00,0.000000000000000000e+00,0.000000000000000000e+00,0.000000000000000000e+00
0.000000000000000000e+00,0.000000000000000000e+00,0.000000000000000000e+00,0.000000000000000000e+00,0.000000000000000000e+00
0.000000000000000000e+00,0.000000000000000000e+00,0.000000000000000000e+00,0.000000000000000000e+00,0.000000000000000000e+00
0.000000000000000000e+00,0.000000000000000000e+00,0.000000000000000000e+00,0.000000000000000000e+00,0.000000000000000000e+00
0.000000000000000000e+00,0.000000000000000000e+00,0.000000000000000000e+00,0.000000000000000000e+00,0.000000000000000000e+00
0.000000000000000000e+00,0.000000000000000000e+00,0.000000000000000000e+00,0.000000000000000000e+00,0.000000000000000000e+00
0.000000000000000000e+00,0.000000000000000000e+00,0.000000000000000000e+00,0.000000000000000000e+00,0.000000000000000000e+00
0.000000000000000000e+00,0.000000000000000000e+00,0.000000000000000000e+00,0.000000000000000000e+00,0.000000000000000000e+00
0.000000000000000000e+00,0.000000000000000000e+00,0.000000000000000000e+00,0.000000000000000000e+00,0.000000000000000000e+00
0.000000000000000000e+00,0.000000000000000000e+00,0.000000000000000000e+00,0.000000000000000000e+00,0.000000000000000000e+00
0.000000000000000000e+00,0.000000000000000000e+00,0.000000000000000000e+00,0.000000000000000000e+00,0.000000000000000000e+00
0.000000000000000000e+00,0.000000000000000000e+00,0.000000000000000000e+00,0.000000000000000000e+00,0.000000000000000000e+00
0.000000000000000000e+00,0.000000000000000000e+00,0.000000000000000000e+00,0.000000000000000000e+00,0.000000000000000000e+00
0.000000000000000000e+00,0.000000000000000000e+00,0.000000000000000000e+00,0.000000000000000000e+00,0.000000000000000000e+00
0.000000000000000000e+00,0.000000000000000000e+00,0.000000000000000000e+00,0.000000000000000000e+00,0.000000000000000000e+00
0.000000000000000000e+00,0.000000000000000000e+00,0.000000000000000000e+00,0.000000000000000000e+00,0.000000000000000000e+00
0.000000000000000000e+00,0.000000000000000000e+00,0.000000000000000000e+00,0.000000000000000000e+00,0.000000000000000000e+00
0.000000000000000000e+00,0.000000000000000000e+00,0.000000000000000000e+00,0.000000000000000000e+00,0.000000000000000000e+00
